Category,DH,DM,DL,PH,PM,PL,RH,RM,RL,Total
Men,0.171951744,0.293064562,0.2396427,0.735509053,0.052214458,0.961782834,0.557059034,0.384037072,0.033582862,0.649933019
Women,0.011191746,0.774732681,0.172041175,0.817030039,0.759681344,0.029624417,0.226587244,0.575913637,0.823844623,0.661550316
Caucasian,0.202348801,0.17869386,0.866813303,0.960136106,0.559275361,0.584792686,0.033374796,0.727765413,0.397967019,0.857313502
Non-Caucasian,0.577542776,0.600383408,0.305115678,0.318316169,0.948998556,0.500778299,0.070974711,0.749193263,0.717219565,0.178398521
Urban,0.98266021,0.749414692,0.960603805,0.924916673,0.661433346,0.658107227,0.791141968,0.4299348,0.172269888,0.783338077
Non-Urban,0.112559178,0.698676381,0.136032638,0.994868423,0.462929281,0.777180937,0.901685773,0.450555054,0.758142005,0.110394429